<?xml version="1.0" encoding="UTF-8"?>
<configuration>

    <appender name="STDOUT" class="ch.qos.logback.core.ConsoleAppender">
        <encoder>
            <pattern>%d{yyyy-MM-dd HH:mm:ss.SSS} [%thread] %-5level %logger{36} - %msg%n</pattern>
        </encoder>
    </appender>

    <logger name="jdbc.sqlonly" level="DEBUG" additivity="false">
        <appender-ref ref="STDOUT"/>
    </logger>

    <logger name="jdbc.resultsettable" level="DEBUG" additivity="false">
        <appender-ref ref="STDOUT"/>
    </logger>

    <logger name="jdbc.audit" level="DEBUG" additivity="false">
        <appender-ref ref="STDOUT"/>
    </logger>

    <logger name="jdbc.resultset" level="DEBUG" additivity="false">
        <appender-ref ref="STDOUT"/>
    </logger>

    <logger name="jdbc" level="DEBUG" additivity="false">
        <appender-ref ref="STDOUT"/>
    </logger>

    <root level="INFO">
        <appender-ref ref="STDOUT"/>
    </root>

</configuration>